customerID,nanoid
1,zzRW35IA8YQKglv0KadVF
2,bhZgfb12MUJz2jA2oJuwN
3,ZGSVvXDsUgfAzEZdQss0a
4,vsJ08NoR4LvTS7IjYDzlN
5,QyjlIJqjmqiDmS094fpJx
6,rJoOOD8KFI1Q1CZ0zdpB3
7,SLHGMScP4L3If8lB5vP-R
8,CfZ02ynU-oyY3PmiRihUr
9,x8EJyObzSTFrRESSRu1yK
10,ZJCbRpdyKvqxIG2AjjM2T
11,0MDfdOEGlzymKbKjgf3K9
12,ooPXEJGh0FTr6GTmtB7L9
13,mYgFLLdmreew-C02JFqBg
14,s2EtuoBudckLJ_rsbJebS
15,4HCMO3ItpAnJq-PHDoi-n
16,tT_lkovnvzbhad9srkY_f
17,zxFvNDmATkfdWfNG1Ocvh
18,czHxPNvhsuI_yusqb66lp
19,AQtg4HBw4Gf5Yg0YOeMyd
20,Ui9OLpK1kVyGszpgdJCZA
21,rHL_iIgWCRE7FRX-dmJnK
22,CUL2MOaX1jljehr6QweQo
23,n8ZPGFcUUk0m5C30TFKbS
24,6ZhXkXu0Morm4CAgJNFcC
25,q_IaFYCkqalHxzEO_ywBt
26,oi6hZWPCH6kc9Ui3KqWoQ
27,x3abOvMv92O9Lj_64B-YO
28,aErxFvx380Ul4Y-7M78Mj
29,0YN3E43yh0Wg_Ghm5EsTL
30,wS_l-FHrU4yNr3R-3PSOY
31,uMxuLAIPx34RL9pegh97-
32,jYga58Tbn8wSSfpszKv7r
33,8zAdueJd-bvLLXQSLYgOt
34,OSPXTsJf09CreyDRFa40w
35,JYkEVse_j-0euV0ykpQAm
36,xMQvRGRc51rX41gVYPazm
37,CQsq6kb7ChA6O894X5Ltt
38,Y1TpQLpKBGzobe7ImoFKo
39,4TKli378f0Ad8cHQ4YXB4
40,cd9WgG0Mz_Tom1yPoO1WR
41,RAc78foQPdwa5VYypXERL
42,oxDhnH08e5cpo0DdcSyjg
43,rPjszn2l9BjgmYnU-kWsv
44,TYREo22gj-iy3xCM-O9tx
45,7bfoCWPaMHOPUT2DTJt2O
46,PtusBWT0uXwl1TZFTpwP0
47,dK4f2VIqq1RYcTxRxc1rJ
48,MHoWxzDeMDyJIcjhTowtG
49,77IHAOM-PITEVAgmUfYN0
50,-Fn9Q45T8r6FtTmr24SKe
51,M5uEqGQAf7Eq9ZTp3zZTl
52,1nXZ3lm8m7nUFEQwRsyq6
53,UUwOAEKHSGh9dwHK_N3jX
54,ji6WP3ZKlBiA7YCeloAVV
55,5OOPtJjX2SRGiQmcNNTv_
56,O6kOvgJaUpVlNNDDc3MPy
57,bgsVRO6wDtlreAnCc-PKN
58,YlYY3-r9Y7Xurh0yqV2Rc
59,UkciNWX0ilDM1Pt6heVbp
60,J1ROgFXxg-b2uop9SMltv
61,zI-yhGIyXxxOUYv1i62va
62,vNQ55fzwmI6kKMWVwEC0G
63,wt10lDWTgZO9zCiVOR2l-
64,cPEX2BlEwIt_rr6cEDXZK
65,bapLNKLv0BQLPTCbTEZAa
66,KR86KpmEN-4kgSPKc5q1J
67,fbtDV14NJ_bfnhiUOLwQK
68,CrJZJ1TU_5NfwBwrjfSQu
69,viWo2JCRrIgVNA3fSI8uf
70,PdKy5kv5mmVgdnMZOA1DI
71,NMKJoTvGmwNMkNOi1f0Ng
72,h1xv4RPs0OALjJGbJGU3v
73,xvtF5HHM1Rcn9JCWc6R8y
74,-U7sStJ47hKApXEMJes4V
75,CJVTZYBgEB0fWV47fz32D
76,uMPgu7yfDI818BkWNfK62
77,8NhX_Pu4EEr35CZmGthNM
78,YhGUFLvV5Pla8xeVopaz6
79,cAocy5EzCnKz0qqJ1xqTp
80,EiznhWiNt_dorsU4KjKX2
81,PkLtKh69F49lZ1x8MG6IN
82,XVHBo3xhP1CBG-Oqm_wuW
83,U45uNtybkBlf2CryNUiBv
84,NMFUg6GE6M224NOTG3zon
85,HLEjW-K1hJLZ7tCD9FJD4
86,fzUa0xQRH8brh_w7lfiwE
87,tM-qUMXlJqihQFqG4MtRr
88,ptdU6QijCHU9S__Y-hnXj
89,Lk5PV9mMf0NDZIDDIZjoB
90,6VVyIzGMqnId8pz7IhGFc
91,4cAM9c4ZXf6Qlox4SB6-t
92,Rn8MnjJqbP5Ml-Kl2Pk-K
93,l8VYF-Ule35gK2G5xrq_8
94,l11yU_1cWjkEEaGkODOJi
95,EeqXMs8QdvwcS8z_7QvO7
96,w3p0Um0TjFI1B40n0iilP
97,zJiBdGyH_l403BoSIkyAm
98,MqmYDAuxrojvvX-xocNO5
99,KCkD8hv_A-J2qCT5x5HAa
100,dqw7MBNpTqY-EwUwH_Qn2
